About,Microsoft Project,Jira,Asana,Trello,ZenHub,Redmine,Description
ガントチャート,5,4,5,2,5,3,"ガントチャートはプロジェクト管理ツールの標準機能で、タスク、依存関係、タイムラインを視覚的に表示します。"
タスク管理,5,5,5,5,5,5,"すべてのツールでタスクの作成、割り当て、優先順位付け、追跡ができます。"
リソース管理,5,3,4,2,3,4,"Microsoft Projectはリソース管理に優れています。Jira、Telloは基本的で、Asana、Redmineはやや高度な機能があります。"
コラボレーションとコミュニケーション,4,5,5,5,5,4,"Jira、Asana、Trello、ZenHubはコメント、ファイル共有、通知など協働機能が充実しています。"
レポーティングと分析,5,4,4,3,4,4,"Microsoft Projectが最も優れたレポーティング機能を備えています。"
アジャイルプロジェクト管理,3,5,4,5,5,3,"Jira、Trello、ZenHubがアジャイル開発に特化しています。"
ポートフォリオ管理,5,3,3,2,2,3,"Microsoft Projectが組織全体でのポートフォリオ管理に優れています。"
統合とカスタマイズ,4,5,4,4,5,4,"Jira、Asana、Trello、ZenHubが優れた統合とカスタマイズ性を備えています。"
モバイルアプリ,4,5,5,5,3,3,"Jira、Asana、Trelloが優れたモバイルアプリを提供しています。"
コスト,3,4,4,4,4,3,"Jira、Asana、Trello、ZenHubは柔軟な価格設定があります。"
進捗追跡,5,4,4,4,5,4,"プロジェクトの進捗状況を視覚的に追跡できるレポートとダッシュボードツールが用意されています。"
課題と問題の管理,4,5,4,4,5,4,"発生した課題や問題を記録、分類、優先付けし、解決に向けて管理できます。"
リスク管理,5,3,3,2,3,3,"プロジェクトのリスクを特定し、評価し、対策を立てることができます。Microsoft Projectがリスク管理に優れています。"
品質管理,4,4,3,2,3,4,"品質基準の設定、品質検査の実施、品質レポートの作成などの機能を備えています。"
変更管理,5,4,3,3,4,4,"スコープ変更を要求、レビュー、承認、実装するためのワークフローが用意されています。"
予算管理,5,3,4,2,2,4,"予算の計画、追跡、レポートが可能で、超過時の警告機能もあります。"
プログラムとポートフォリオ管理,5,3,3,1,2,3,"プロジェクトをプログラムやポートフォリオレベルで統合的に管理できます。"
リソースプール,5,3,3,2,2,4,"組織全体のリソースを一元管理し、プロジェクト間で効率的に配分できます。"
テンプレート,4,5,4,5,4,4,"新規プロジェクトの開始時に、既存のテンプレートを利用できます。"
カレンダー,5,4,5,3,4,4,"作業日や休日を設定し、タスクをカレンダービューで確認できます。"
ワークフロー自動化,3,5,4,3,4,3,"ルールに基づいてタスクの割り当てや移動を自動化できます。"
アジャイル企画,3,5,4,5,5,3,"ストーリー、エピック、バックログなどアジャイル開発の概念をサポートします。"
カスタムフィールド,4,5,5,4,4,4,"組織に合わせてフィールドをカスタマイズし、必要なデータを追跡できます。"
セキュリティと権限,4,5,4,4,4,4,"プロジェクトデータへのアクセスを管理し、ロールベースの権限設定が可能です。"
インテグレーション,4,5,4,5,5,4,"他のアプリやサービスと連携し、データの受け渡しやワークフローの自動化ができます。"
アドホックレポート,5,3,3,2,3,4,"ユーザー定義のレポートを作成し、必要なデータをピックアップできます。"
プロジェクト作成ウィザード,5,3,4,3,3,3,"プロジェクトの初期設定をステップバイステップで支援するウィザードがあります。"
請求とインボイス,3,4,4,2,2,4,"作業時間の記録、請求の作成、インボイスの発行などの機能を備えています。"
Total Score,130,126,121,98,111,111,""
